Frequency;S11-S-Real;S11-S-Imaginary;S21-S-Real;S21-S-Imaginary
2,00E+09;-0,521417587;0,346418852;0,011399723;0,013208164
2001014016;-0,485591691;0,395933069;0,014413448;0,011698864
2002028416;-0,467464077;0,467309057;0,015455643;0,009423842
2003043456;-0,416220019;0,519082307;0,013186751;0,010135859
2004058880;-0,37863696;0,566717796;0,015861968;0,006682937
2005074688;-0,32156011;0,609688989;0,018615091;0,005735055
2006091136;-0,25639234;0,628410117;0,020576399;0,004608116
2007108224;-0,191067775;0,66001251;0,019725425;0,001606672
2008125824;-0,109318945;0,682644266;0,02094344;0,001277644
2009143808;-0,029709816;0,682090294;0,023338426;-0,001490156
2010162304;0,044337548;0,674249421;0,022698586;-0,004892189
2011181312;0,123493832;0,669454488;0,02269578;-0,002277946
2012201088;0,186731719;0,644123575;0,024402908;-0,004267843
2013220992;0,259116013;0,615936172;0,020774515;-0,007116477
2014241664;0,316271444;0,582342131;0,019062278;-0,01319147
2015262848;0,384435629;0,55047557;0,019298459;-0,010656211
2016284416;0,452021652;0,486560506;0,022724139;-0,015994459
2017306752;0,508638817;0,419868503;0,021795176;-0,014117008
2018329344;0,550647239;0,352067414;0,018496369;-0,019923078
2019352704;0,586711429;0,301332016;0,017567992;-0,018912645
2020376448;0,622933775;0,220685721;0,017440751;-0,021340315
2021400704;0,644624395;0,175547586;0,016232714;-0,019572047
2022425472;0,676067359;0,084200782;0,019351162;-0,019441052
2023450624;0,687484547;0,024700055;0,017847616;-0,021673532
2024476544;0,688643817;-0,018566036;0,007941944;-0,020850333
2025502720;0,684776797;-0,081523136;0,013690838;-0,020847591
2026529536;0,678451215;-0,138177919;0,008284832;-0,021307029
2027557120;0,681257037;-0,196189888;0,006851465;-0,022465092
2028584960;0,680341185;-0,244697016;0,007621059;-0,021390077
2029613312;0,671583147;-0,295122297;0,008358019;-0,023265033
2030642304;0,655191391;-0,343215226;0,005311004;-0,023573648
2031671808;0,652389408;-0,40561623;0,001562008;-0,021375628
2032701696;0,626042334;-0,436100313;0,000655169;-0,023535755
2033732224;0,613720865;-0,468203994;-0,00303138;-0,021544603
2034763136;0,586657307;-0,50827621;-0,005926948;-0,017832904
2035794688;0,560011131;-0,537213425;-0,008128591;-0,015124276
2036826880;0,528424569;-0,550594931;-0,004881475;-0,017423518
2037859456;0,493280053;-0,576377782;-0,007355369;-0,013959501
2038892544;0,468546812;-0,599710619;-0,005917924;-0,012682366
2039926016;0,436995046;-0,625761823;-0,007492184;-0,008188509
2040960256;0,395937184;-0,641271152;-0,014712702;-0,007527554
2041995008;0,372199822;-0,662807974;-0,013999081;-0,007910088
2043030272;0,343970751;-0,676462685;-0,015562611;-0,007214162
2044065920;0,314861356;-0,677058987;-0,011212872;-0,006693378
2045102080;0,288001885;-0,68225535;-0,017664314;-0,000135899
2046139008;0,245672538;-0,686388279;-0,010102903;-0,002446847
2047176320;0,22842771;-0,69937936;-0,010262462;-0,000934607
2048214144;0,197548158;-0,705262351;-0,012142082;0,002473167
2049252480;0,157512647;-0,705819068;-0,014276478;0,002847455
2050291328;0,125054441;-0,708244995;-0,009683576;0,004680603
2051330816;0,092759173;-0,702778376;-0,014338621;0,006702146
2052370816;0,047340494;-0,700549488;-0,011252182;0,009637976
2053411200;0,004194377;-0,68695247;-0,013851805;0,010562341
2054452224;-0,05347601;-0,673005298;-0,015067459;0,013924634
2055493888;-0,086742731;-0,667051093;-0,012909634;0,013743246
2056535680;-0,119977846;-0,663541275;-0,012908422;0,013350148
2057578368;-0,153146438;-0,654405724;-0,014450524;0,01141402
2058621440;-0,173470999;-0,652237534;-0,006496318;0,014190315
2059665152;-0,2118147;-0,637778603;-0,002972073;0,014928546
2060709248;-0,258541035;-0,617545411;-0,000771819;0,014947234
2061753984;-0,309839954;-0,594313713;0,001618366;0,015047237
2062799232;-0,350644914;-0,567316822;0,005395746;0,015857618
2063844864;-0,399861737;-0,547361563;0,004264618;0,015556282
2064891392;-0,428869077;-0,526782455;0,002092617;0,013092994
2065938048;-0,459116743;-0,504198382;0,000958233;0,012751195
2066985344;-0,476467534;-0,485857266;0,008556;0,011157778
2068033280;-0,517974762;-0,464893725;0,008321335;0,009044322
2069081728;-0,546796161;-0,441003201;0,010582109;0,00805169
2070130560;-0,586593467;-0,406626077;0,011088742;0,00800583
2071180160;-0,617299542;-0,37386098;0,012862984;0,010505306
2072230144;-0,65560691;-0,343388769;0,011566012;0,005920362
2073280512;-0,675187831;-0,30298013;0,015348703;0,010180351
2074331776;-0,698464965;-0,27426237;0,014168528;0,008007669
2075383424;-0,714266579;-0,248541466;0,013556898;0,003918033
2076435584;-0,754202256;-0,198672251;0,010025935;-0,002216453
2077488128;-0,76201793;-0,160612044;0,011632884;-0,000710783
2078541312;-0,773448977;-0,104144059;0,010973484;2,69E-05
2079595136;-0,768695303;-0,063935932;0,009509544;0,004595027
2080649344;-0,797023666;-0,023962616;0,008365009;0,001666361
2081704192;-0,79791294;0,026029376;0,009251404;-2,22E-05
2082759424;-0,789090115;0,071640364;0,005500846;-0,002737153
2083815296;-0,794894455;0,119868992;0,00820443;-0,004410596
2084871808;-0,776517045;0,174958263;0,009193684;-0,000834241
2085928704;-0,7580564;0,225647022;0,007094188;-0,003406902
2086986240;-0,738234368;0,280349652;0,005011486;-0,003940484
2088044160;-0,703932043;0,340775857;0,004346649;-0,001854666
2089102720;-0,673099472;0,389187748;0,003795288;-0,001972475
2090161792;-0,640607767;0,439667837;0,007733825;0,001019364
2091221632;-0,568681461;0,503058292;0,006894087;0,001941871
2092281600;-0,538109524;0,534259258;0,00297243;-0,004152487
2093342336;-0,461960649;0,581800906;0,002275292;-0,000609646
2094403456;-0,417257376;0,605546339;0,002023333;0,001460711
2095465472;-0,321313722;0,651576551;-0,000558623;0,001726263
2096527872;-0,264393036;0,666289994;-0,000556089;0,006528161
2097590400;-0,181773411;0,704042036;0,000532399;0,000609605
2098654080;-0,117483072;0,710834586;-0,002469722;-0,002269803
2099717888;-0,040291231;0,720589388;-0,001193242;0,002053984
2100782336;0,032248721;0,729964171;0,00023507;5,62E-05
2101847424;0,096817047;0,742907018;0,000384659;0,001610174
2102912896;0,174786965;0,725265329;-0,001583875;0,005492053
2103979136;0,263093356;0,723174425;-0,00245898;0,006079319
2105045504;0,327523822;0,700628867;-0,003808178;0,003246906
2106112768;0,404702353;0,654078931;-0,003038778;0,006041547
2107180544;0,476782608;0,622396704;-0,002786923;0,006116012
2108248704;0,529842374;0,57923411;-0,002869513;0,009973876
2109317504;0,583568403;0,546511929;-0,005380358;0,006733497
2110386816;0,63663663;0,494020246;-0,00370054;0,013403677
2111456896;0,685745415;0,460904078;-0,005664912;0,005088702
2112527104;0,703676665;0,405285768;-0,003688147;0,007850228
2113598080;0,746156139;0,352346276;-0,004913832;0,00963619
2114669824;0,782905483;0,304891953;-0,005741304;0,008407467
2115741696;0,793677283;0,257131632;-0,005544247;0,009410577
2116814336;0,801098733;0,206830985;-0,003725792;0,008383632
2117887488;0,812764213;0,162550131;-0,005977102;0,010071279
2118961152;0,815541181;0,117184363;-0,005299641;0,006086024
2120035456;0,820279277;0,06224567;-0,003710701;0,006373746
2121110144;0,806968532;0,0229752;-0,000514768;0,005859261
2122185472;0,810136771;-0,029708731;0,001030821;0,007750773
2123261440;0,797882651;-0,063889129;-0,002014376;0,004886073
2124337664;0,783947173;-0,117996788;-0,007419112;0,01038382
2125414656;0,786392475;-0,163218204;-0,009680317;0,00646526
2126492288;0,759317482;-0,204569746;-0,005192357;0,005132774
2127570176;0,727654226;-0,233027009;-0,001074044;0,005765086
2128648704;0,708605954;-0,264384419;-0,005356465;0,010272911
2129728128;0,691049396;-0,283124851;-0,002270609;0,006086238
2130807680;0,662789644;-0,322583422;-0,001978881;0,005620035
2131887872;0,622760612;-0,350246301;0,001582845;0,003293915
2132968704;0,596298099;-0,375125004;-0,001121297;0,00417717
2134050176;0,561257585;-0,402043239;-0,000362664;0,002334238
2135131776;0,532495061;-0,429268843;-0,001334333;0,004252194
2136214272;0,50089862;-0,465057372;-0,001914878;0,004048531
2137297408;0,473716922;-0,494134503;-0,003921313;0,005373563
2138380800;0,427631094;-0,521175398;-0,005372453;0,005125651
2139464832;0,400838902;-0,532430592;-0,005504584;0,001300709
2140549376;0,368215505;-0,549311171;-0,002319164;4,51E-05
2141634688;0,336502512;-0,572856089;0,000144856;0,000379745
2142720512;0,314291592;-0,588335982;-0,001556227;0,00055582
2143806720;0,277680697;-0,614150663;-0,002901472;0,000360343
2144893440;0,234551364;-0,640998066;-0,003771973;0,001600948
2145980800;0,203763046;-0,66017205;-0,011481025;0,003689871
2147068800;0,177084726;-0,666294184;-0,005978207;0,001760191
2148157440;0,14909862;-0,672824257;-0,006410323;0,001900524
2149246208;0,121869889;-0,684320218;-0,005271868;0,004941739
2150335744;0,083666227;-0,698869622;-0,001124637;-0,001376451
2151426048;0,042504207;-0,731312609;-0,005454367;-0,00036403
2152516864;0,016493794;-0,728857877;-0,007813351;-4,25E-05
2153608192;-0,014845315;-0,737439963;-0,003644498;0,001500368
2154699776;-0,042684015;-0,734513258;-0,003247078;0,00123775
2155791872;-0,069688397;-0,726949109;-0,006361426;-0,000337309
2156884992;-0,089536786;-0,715598099;-0,006593696;5,19E-05
2157978624;-0,118729118;-0,723890409;-0,007238533;0,000526187
2159072512;-0,143970281;-0,732169693;0,000440339;-0,00140973
2160166912;-0,163755594;-0,741453155;-0,005189776;-0,000368979
2161262080;-0,188280246;-0,726314446;-0,005867843;-0,002178182
2162357760;-0,219711623;-0,717407314;-0,005215307;-0,003456906
2163453952;-0,255355486;-0,69971273;-0,00460763;-0,006597515
2164550656;-0,287091465;-0,679066782;-0,012494382;-0,008190385
2165648128;-0,316333081;-0,66276385;-0,005503512;-0,006361618
2166746112;-0,343636953;-0,641351899;-0,006976911;-0,008041675
2167844608;-0,372524634;-0,619628176;-0,010171966;-0,008436946
2168943616;-0,400670436;-0,603314702;-0,007433263;-0,002522166
2170043136;-0,423028754;-0,58496822;-0,009949421;-0,002832751
2171143168;-0,459750995;-0,557396297;-0,009830058;-0,006090414
2172243712;-0,496019668;-0,550097546;-0,007558393;-0,004299119
2173345024;-0,517656497;-0,508432182;-0,005230141;-0,002514252
2174447104;-0,554519829;-0,475792676;-0,005284937;-0,002415534
2175549184;-0,583257811;-0,437823269;-0,007278192;-0,002600097
2176652288;-0,622264324;-0,396124857;-0,007604371;-0,004548866
2177755648;-0,648673763;-0,355658793;-0,005626037;-0,006876571
2178859776;-0,670654225;-0,319650124;-0,007062739;-0,004498989
2179964416;-0,705784591;-0,264973736;-0,009659446;-0,009147043
2181069312;-0,728159345;-0,206233842;-0,010933372;-0,007734202
2182175232;-0,754853097;-0,163714436;-0,008256582;-0,004247138
2183281408;-0,775404171;-0,110126109;-0,008384289;-0,003136415
2184388352;-0,796798348;-0,042099985;-0,00618299;-0,009374286
2185495552;-0,82221537;0,013352663;-0,008905948;-0,010354342
2186603776;-0,845155327;0,087894047;-0,003959849;-0,004579872
2187712256;-0,846623899;0,144652474;-0,003208508;-0,004645881
2188821248;-0,85689724;0,205604526;-0,002201618;-0,004632832
2189931008;-0,856047011;0,264271324;-0,00487303;-0,008337208
2191041280;-0,844173986;0,32392342;-0,003658808;-0,007146618
2192151808;-0,84335438;0,39338241;-0,007917018;-0,004364745
2193263360;-0,816726426;0,447561774;-0,004855215;0,000278236
2194374912;-0,779101792;0,507100399;-0,005515581;-0,00443396
2195487488;-0,752158754;0,582140118;-0,006634654;-0,005747959
2196600576;-0,705664337;0,63863159;-0,004468432;-0,005350822
2197714176;-0,650956477;0,686180698;-0,002667744;-0,00916249
2198828544;-0,610775866;0,743918322;-0,003811917;-0,010187299
2199943168;-0,530464666;0,793709388;-0,003159178;-0,0078382
2201058304;-0,391030819;0,806408359;-0,005399909;-0,005202361
2202174208;-0,268700613;0,796456891;-0,00626996;-0,001251223
2203290624;-0,194386495;0,812822647;-0,006199677;-0,003215736
2204407808;-0,09631708;0,820871414;-0,008578267;-0,00611181
2205525248;-0,012029403;0,814835144;-0,002125256;-0,010380157
2206643456;0,063881946;0,764777287;-0,002033147;-0,007380429
2207761920;0,144058429;0,732249926;-0,005940661;-0,007956181
2208881152;0,205787529;0,648285549;-0,005918936;-0,000407528
2210000896;0,271130209;0,581120633;-0,006564862;-0,002750275
2211121408;0,295728697;0,524926036;-0,006579092;-0,00127879
2212242432;0,338218077;0,495777262;-0,006725204;-0,002594697
2213363968;0,350046801;0,444708821;-0,00752259;-0,000869198
2214485760;0,386276478;0,398293674;-0,006049946;-0,003674436
2215608576;0,437559038;0,324654116;-0,0161963;0,005427872
2216731904;0,453563149;0,299966885;-0,013966086;0,004136193
2217855744;0,475655093;0,26494411;-0,010951975;0,005774183
2218980096;0,492545482;0,240832248;-0,009850459;0,004080205
2220104960;0,509937304;0,209343423;-0,011182008;0,004792299
2221230592;0,557263312;0,175145664;-0,009379929;0,007043383
2222356480;0,574459447;0,150689094;-0,011205036;0,003499508
2223483136;0,586869797;0,139166427;-0,009896844;0,006029836
2224610304;0,611434009;0,081952663;-0,011158178;0,004906582
2225737984;0,636739932;0,023150574;-0,012062571;0,007592177
2226866432;0,650970911;-0,018497652;-0,00903324;0,001812387
2227995392;0,647755935;-0,056141374;-0,004813508;-0,001499177
2229125120;0,662739553;-0,119439297;-0,001963619;0,000883047
2230255104;0,665692547;-0,174045843;-0,00192561;-0,0022456
2231385600;0,658534731;-0,210687959;-0,000601601;-0,001402809
2232516864;0,636476378;-0,259891086;0,00341885;-0,004647301
2233648896;0,60832651;-0,269474109;0,00263505;-0,001049761
2234780928;0,620502096;-0,320849889;0,003321757;-0,001998879
2235913984;0,602720822;-0,378180904;-0,004756937;-0,002177819
2237047552;0,5798335;-0,424306285;0,00046938;-0,000454741
2238181632;0,528659296;-0,460797906;-0,005005552;-0,00144607
2239316224;0,504560971;-0,510301367;-0,006395834;-0,002753275
2240451584;0,477624035;-0,52793748;-0,001552087;-0,002201358
2241587456;0,457935476;-0,544072649;-0,000946342;-0,0049895
2242723584;0,424054244;-0,554623399;-0,00094979;-0,005366846
2243860736;0,411057873;-0,579780241;-0,002785599;-0,004358503
2244998144;0,381483526;-0,59521411;0,003056404;-0,007071804
2246136320;0,328079337;-0,609170626;0,005333915;-0,007115756
2247275008;0,287365294;-0,618869662;0,004344597;-0,006277211
2248414208;0,234636854;-0,624425254;0,007490096;-0,006077278
2249554176;0,214806482;-0,633847365;0,005365247;-0,010473348
2250694400;0,176155147;-0,648973818;0,001361655;-0,014229758
2251835648;0,12790618;-0,646970354;-0,001355599;-0,015284718
2252977152;0,069832499;-0,642999512;0,001394251;-0,0143501
2254119424;0,017527453;-0,642162691;-0,003182581;-0,017362252
2255262208;-0,015262883;-0,639225658;-0,000962586;-0,020678762
2256405504;-0,061519953;-0,632592093;0,000696995;-0,021727787
2257549312;-0,100355325;-0,62931491;-0,003251265;-0,02028183
2258693888;-0,123591851;-0,622434798;-0,006540909;-0,022372554
2259838976;-0,173118161;-0,610463538;0,000902699;-0,02073562
2260984576;-0,229336351;-0,597025625;-0,000576969;-0,017859144
2262130688;-0,297082928;-0,578125993;-0,001469693;-0,018300134
2263277568;-0,343723345;-0,556225075;0,000877921;-0,018486038
2264424960;-0,390528874;-0,540792715;-0,001380445;-0,019302649
2265573120;-0,412982928;-0,521676332;-0,007132078;-0,020476616
2266721536;-0,442226449;-0,493532901;-0,011491591;-0,022191535
2267870720;-0,470531516;-0,469501279;-0,014731541;-0,025773843
2269020416;-0,490115691;-0,416998683;-0,013687906;-0,021942261
2270170624;-0,530403018;-0,371975607;-0,017315654;-0,022021063
2271321600;-0,543738164;-0,30558116;-0,019221744;-0,020083163
2272473088;-0,563055549;-0,251651585;-0,022608945;-0,023945723
2273625088;-0,565264293;-0,180223067;-0,018254561;-0,016784562
2274777600;-0,573816183;-0,116262535;-0,019149237;-0,014117038
2275930880;-0,557353697;-0,030705425;-0,019855655;-0,0170576
2277084928;-0,503330334;0,063099261;-0,02224941;-0,016139013
2278239232;-0,451597522;0,156596842;-0,016816945;-0,008913274
2279394048;-0,37518174;0,229711521;-0,016887368;-0,008067642
2280549888;-0,288176724;0,292096799;-0,016119261;-0,00777947
2281705984;-0,199782552;0,355140935;-0,011964346;-0,000915963
2282862592;-0,08414176;0,383019538;-0,012032676;0,003288639
2284019968;0,063329705;0,409425988;-0,014739509;0,003227113
2285177600;0,187282152;0,394227675;-0,013200402;0,006334224
2286336512;0,296560242;0,347992021;-0,010925547;0,009645708
2287495424;0,40080649;0,282861739;-0,010427859;0,00480246
2288655104;0,486047644;0,215118101;-0,007344121;0,008034773
2289815552;0,506196733;0,129180491;-0,000136216;0,019316164
2290976000;0,535647656;0,036623922;-0,003892041;0,018448104
2292137728;0,542701936;-0,050587165;-0,00071321;0,019058746
2293299712;0,532433879;-0,139302604;0,002737737;0,017098289
2294462208;0,473118217;-0,225646711;0,006477508;0,01895502
2295625472;0,427100148;-0,286047253;0,006225615;0,020372738
2296789248;0,361526531;-0,35341998;0,010038907;0,016899365
2297953536;0,31750952;-0,407054745;0,013212896;0,02074123
2299118592;0,249113263;-0,453821788;0,013038738;0,018495417
2300284160;0,181264708;-0,497012783;0,015889312;0,01606537
2301450240;0,127132332;-0,526844536;0,017552918;0,017734589
2302617088;0,068020919;-0,547109228;0,014768581;0,01034576
2303784448;-0,001087991;-0,570456154;0,01937322;0,006087517
2304952064;-0,064876863;-0,579593987;0,019021653;0,007542953
2306120960;-0,148875357;-0,593991714;0,016895339;0,008799798
2307289856;-0,225445216;-0,600053009;0,022683798;0,00839892
2308459520;-0,282716982;-0,605348782;0,019169881;0,009941047
2309629952;-0,308131935;-0,588193871;0,023741007;0,002693875
2310800896;-0,348791819;-0,580902987;0,021296535;0,003551981
2311972096;-0,406956555;-0,56332253;0,020869057;0,005715221
2313144320;-0,452064222;-0,540773477;0,023618403;-0,001960468
2314317056;-0,495653062;-0,508143542;0,030125523;0,001483066
2315490304;-0,537848531;-0,498591406;0,025689089;0,002543493
2316664320;-0,550426708;-0,461760158;0,026888158;0,0019864
2317838592;-0,574001704;-0,40467974;0,031915218;-0,000551403
2319013632;-0,603512795;-0,314113233;0,028262854;-0,001561436
2320189184;-0,636115449;-0,253901393;0,028830026;-0,003988331
2321365504;-0,656943742;-0,187262764;0,032835237;-0,003213063
2322542336;-0,672237767;-0,090816673;0,031726448;-0,001523078
2323719680;-0,687259778;-0,045652633;0,030601119;0,001671296
2324897792;-0,677167764;0,024054389;0,037640803;-0,001929243
2326076416;-0,681444682;0,117035821;0,029617301;-0,001791079
2327255808;-0,675768907;0,181032087;0,029870964;-0,005083571
2328435456;-0,644085762;0,306764652;0,029385938;-0,011027768
2329616128;-0,609275726;0,37196498;0,023633026;-0,010822558
2330797056;-0,577739653;0,489690955;0,024885344;-0,012241544
2331978496;-0,495911222;0,574776912;0,024536931;-0,011608998
2333160960;-0,421760282;0,671563325;0,021983116;-0,010524011
2334343680;-0,32165419;0,756960573;0,023555915;-0,008732788
2335526912;-0,197802882;0,814680192;0,018838178;-0,0074632
2336711168;-0,090386813;0,840529401;0,021681714;-0,012186016
2337895680;0,004780308;0,866076436;0,018892652;-0,011096334
2339080704;0,0771194;0,897663285;0,017007949;-0,00904406
2340266752;0,188685479;0,863821328;0,014671584;-0,011699015
2341453056;0,313912853;0,85641362;0,012665454;-0,009746647
2342640128;0,426659479;0,851019733;0,00792879;-0,011062445
2343827712;0,54601716;0,808081177;0,012166314;-0,01115154
2345016064;0,625819869;0,745417118;0,013573189;-0,009291139
2346204672;0,664419837;0,671675496;0,015413752;-0,009843226
2347394304;0,721905127;0,612695981;0,012239347;-0,008666751
2348584448;0,767946254;0,564146496;0,002778662;-0,008655258
2349775104;0,815540314;0,476980019;0,008874104;-0,006175307
2350966272;0,830254523;0,419556018;0,002511997;-0,004757356
2352157952;0,810655313;0,336164484;0,00714995;-0,001928785
2353350400;0,849917565;0,264636028;0,012065547;-0,002105126
2354543360;0,838316376;0,188437912;0,014687705;-0,002912634
2355737088;0,8113601;0,118907742;0,005590722;-0,000166664
2356931328;0,780678623;0,066771915;0,006633018;-0,00159141
2358126336;0,761219407;0,013652401;0,001834162;-0,002533415
2359321856;0,731438415;-0,045896519;0,001876025;-0,001656869
2360517888;0,739289205;-0,113476476;0,000161634;-0,000408359
2361714688;0,703757061;-0,1735469;0,00146285;0,00026427
2362912000;0,667326382;-0,216962764;0,00535787;0,00391127
2364109824;0,629630672;-0,2650292;0,004693634;0,001471096
2365308160;0,591526873;-0,293114061;0,01056969;0,004334418
2366507264;0,538751799;-0,327903444;0,009914419;-0,002958115
2367707136;0,506495632;-0,351174939;0,00960778;0,001587027
2368907520;0,46133947;-0,383076661;0,009125203;-0,00531448
2370108416;0,423550002;-0,401845419;0,006035567;-0,001945151
2371310080;0,392248463;-0,435889648;-0,005153468;-0,006705516
2372512000;0,354851361;-0,471290178;-0,001359096;-0,007448343
2373714944;0,32125755;-0,511755699;-0,010052036;-0,014004229
2374918144;0,273469229;-0,535340251;-0,008359882;-0,014945778
2376122112;0,233980036;-0,537780735;-0,014761283;-0,016550461
2377326848;0,197964599;-0,536721238;-0,015806557;-0,014302319
2378532096;0,175744114;-0,540564422;-0,019300144;-0,012665701
2379737856;0,151441401;-0,550722528;-0,024049881;-0,012590461
2380944128;0,138572651;-0,563375488;-0,028928698;-0,013597937
2382151424;0,116747429;-0,576363438;-0,02526898;-0,007768396
2383358976;0,096366305;-0,590231197;-0,034344734;-0,010750566
2384567296;0,069928656;-0,596899123;-0,035462937;-0,002152088
2385776128;0,048064544;-0,590998905;-0,033497946;0,005052184
2386985472;0,028230432;-0,588608656;-0,038819225;0,011204039
2388195840;0,007310365;-0,594491593;-0,039608902;0,016818448
2389406464;-0,016530818;-0,599920585;-0,041692965;0,024773866
2390617856;-0,028008227;-0,592849272;-0,042206726;0,024676138
2391829760;-0,042140605;-0,586939006;-0,0438187;0,028291499
2393042432;-0,057548125;-0,562505066;-0,044808724;0,035195938
2394255360;-0,073208337;-0,533775444;-0,046510339;0,040739913
2395469312;-0,087844924;-0,505508217;-0,05010586;0,043237537
2396683776;-0,113463523;-0,484809208;-0,049351574;0,041849719
2397898752;-0,137493618;-0,465468438;-0,048978707;0,044151191
2399114496;-0,174468808;-0,437681463;-0,045163745;0,045503455
2400330496;-0,195289712;-0,427313338;-0,043761327;0,04741509
2401547520;-0,224850202;-0,406793496;-0,038562339;0,052714501
2402765056;-0,252562006;-0,369933116;-0,040973938;0,067018811
2403983104;-0,274110312;-0,33803894;-0,036465039;0,078508331
2405201920;-0,305888456;-0,303986374;-0,040958015;0,081151441
2406421248;-0,32309802;-0,306557586;-0,036191484;0,076470095
2407641088;-0,348847732;-0,297370419;-0,031569536;0,077271807
2408861696;-0,361475745;-0,275208366;-0,027746069;0,080299046
2410082816;-0,396970908;-0,240216099;-0,027860892;0,085331599
2411304704;-0,407437027;-0,201698183;-0,026293705;0,084998159
2412527104;-0,443317758;-0,191606576;-0,026175423;0,087357707
2413750272;-0,473576511;-0,170330206;-0,016913694;0,083516599
2414973696;-0,498706761;-0,143317543;-0,012040949;0,081665742
2416198144;-0,496387834;-0,150170451;-0,001392211;0,075699755
2417423104;-0,500252357;-0,128337966;0,002220179;0,077472071
2418648576;-0,527254094;-0,104531367;0,008238612;0,074146264
2419874560;-0,530774001;-0,077957422;0,014069999;0,074336827
2421101568;-0,557641347;-0,057383992;0,020323786;0,069643983
2422328832;-0,559009966;-0,046427011;0,024833532;0,067673773
2423557120;-0,560910832;-0,035613931;0,024279899;0,067232376
2424785664;-0,559312173;-0,029372369;0,036945333;0,058467705
2426014976;-0,556283794;0,004136953;0,03976472;0,06171908
2427244544;-0,548902724;0,051369475;0,044509563;0,057335238
2428475392;-0,531116683;0,075435009;0,052818186;0,045683262
2429706240;-0,520310005;0,117714248;0,053809446;0,049433586
2430938368;-0,529793998;0,152017185;0,058243475;0,042676409
2432170752;-0,471281918;0,176793298;0,06475324;0,0347926
2433403392;-0,425707629;0,20223664;0,071889635;0,029905551
2434637312;-0,423760552;0,243511375;0,081298807;0,023902507
2435871488;-0,390807734;0,279320936;0,078670343;0,019386764
2437106432;-0,331468015;0,311699045;0,084749353;0,01482606
2438341888;-0,291916908;0,356537987;0,088894202;0,007335063
2439578112;-0,289927782;0,420573022;0,087003226;-0,000147097
2440814848;-0,293358963;0,476348419;0,089074019;-0,007071358
2442052096;-0,250922878;0,498887419;0,090030547;-0,014875288
2443290112;-0,199369473;0,522158181;0,092530224;-0,022353283
2444528896;-0,146260217;0,528881994;0,092210946;-0,027898481
2445768192;-0,078538314;0,560416378;0,089374605;-0,036034927
2447008256;-0,033044928;0,586547058;0,083709541;-0,041080417
2448248576;-0,01064632;0,601408144;0,078352236;-0,052665161
2449489920;-0,027494339;0,611078506;0,070393125;-0,06129991
2450731520;0,001355371;0,596979216;0,067494735;-0,06923823
2451973888;0,04947126;0,574332074;0,060313672;-0,080802391
2453217024;0,135984516;0,556355074;0,05439381;-0,086815262
2454460672;0,240370612;0,501323748;0,055590408;-0,087013737
2455704832;0,261530912;0,467791507;0,048300061;-0,094344699
2456950016;0,292295442;0,439459559;0,032081504;-0,100123157
2458195456;0,301135837;0,417470182;0,016198341;-0,113646276
2459441664;0,366074316;0,347152628;0,010085696;-0,111766641
2460688640;0,406963447;0,301600368;0,0051359;-0,114966431
2461935872;0,440200633;0,269382128;-0,013514267;-0,116443611
2463184128;0,45713741;0,211198965;-0,022182275;-0,120225115
2464432896;0,523170163;0,184146457;-0,039153622;-0,118524187
2465682176;0,510244039;0,135622616;-0,057048848;-0,117712846
2466932224;0,529959787;0,104466393;-0,064707806;-0,116271618
2468182784;0,54217453;0,07416553;-0,077401841;-0,116753957
2469434112;0,517401126;0,033479193;-0,080237021;-0,112349109
2470685952;0,543370384;-0,005404866;-0,087606712;-0,104287576
2471938560;0,542707946;-0,080232748;-0,088944255;-0,100551365
2473191680;0,551034656;-0,100158527;-0,093490046;-0,092622027
2474445568;0,583752994;-0,156767546;-0,099327198;-0,081294659
2475700224;0,555939582;-0,172671679;-0,110003632;-0,074462996
2476955136;0,53446438;-0,198647661;-0,11716108;-0,070195723
2478210816;0,521859615;-0,235418345;-0,118109764;-0,057233789
2479467264;0,537454102;-0,260235375;-0,125024264;-0,047770952
2480724224;0,525443523;-0,304862533;-0,128281148;-0,040317358
2481981696;0,502052704;-0,329377294;-0,135967342;-0,033335384
2483240192;0,515401228;-0,34670103;-0,132304559;-0,018789821
2484498944;0,484663447;-0,356891433;-0,130334988;-0,001126424
2485758464;0,47769572;-0,379729962;-0,132449197;0,009666239
2487018752;0,425288953;-0,396159356;-0,132176081;0,026857903
2488279552;0,409776622;-0,403331059;-0,13452557;0,04212145
2489541120;0,392246429;-0,410879396;-0,133283129;0,044438541
2490802944;0,369014435;-0,420807641;-0,132335236;0,055498008
2492065792;0,351386513;-0,437679801;-0,131321355;0,064313749
2493329152;0,303624834;-0,453527608;-0,120152655;0,07207918
2494593024;0,280340503;-0,477666426;-0,119767287;0,087766471
2495857664;0,250447789;-0,487582544;-0,111648669;0,104297043
2497123328;0,231182917;-0,484232744;-0,110612927;0,122322592
2498388992;0,216848939;-0,481351337;-0,106299623;0,139126548
2499655680;0,189677687;-0,472960075;-0,098645006;0,139963702
2500922880;0,169877041;-0,483439348;-0,08655752;0,153325063
2502190848;0,159575139;-0,475693329;-0,083893005;0,162715792
2503459328;0,130539231;-0,479647519;-0,077020606;0,170660849
2504728320;0,122482729;-0,469048114;-0,069748587;0,173948896
2505998080;0,065514233;-0,470738061;-0,05205164;0,170492148
2507268608;0,031398488;-0,484477068;-0,041523947;0,17168032
2508539648;0,005989258;-0,495030129;-0,021582289;0,168781081
2509811456;-0,009212045;-0,480883393;-0,010446013;0,170532178
2511083776;-0,044375283;-0,47638901;0,00586584;0,167617239
2512356864;-0,049451318;-0,446028093;0,012640517;0,16548659
2513630720;-0,069886438;-0,438037933;0,034324242;0,154524524
2514904832;-0,094909425;-0,45409442;0,046103853;0,1492221
2516179712;-0,133563323;-0,454597479;0,062330417;0,144023334
2517455360;-0,161431432;-0,468409737;0,078396598;0,132315314
2518731520;-0,198682498;-0,456320549;0,096010922;0,119787686
2520008448;-0,225889157;-0,459008287;0,113199216;0,107733417
2521285888;-0,241145897;-0,454217791;0,12404728;0,09789107
2522564096;-0,265400079;-0,43892931;0,133731157;0,0882961
2523843072;-0,269123875;-0,456999431;0,143140543;0,07487476
2525122560;-0,291252872;-0,441273076;0,15841258;0,065344624
2526402816;-0,302695113;-0,434948408;0,162311137;0,05107302
2527683584;-0,316705871;-0,422787311;0,167346911;0,041430566
2528965120;-0,334689688;-0,420003168;0,171795829;0,025389519
2530246912;-0,348815869;-0,414500525;0,177154186;0,013932364
2531529984;-0,357959068;-0,397903885;0,175233371;0,000986272
2532813056;-0,368593377;-0,362029748;0,171431625;-0,009223769
2534097152;-0,3675106;-0,334640157;0,165639614;-0,018850885
2535381760;-0,372165736;-0,295885739;0,158331697;-0,036341976
2536667136;-0,394612499;-0,264910608;0,146721138;-0,049605799
2537953024;-0,387557216;-0,235588084;0,140363145;-0,059202375
2539239936;-0,4040624;-0,17858051;0,131510158;-0,070349554
2540527104;-0,405662496;-0,132372206;0,131156215;-0,078477707
2541815040;-0,424275571;-0,093248101;0,113145362;-0,089431941
2543103744;-0,412457501;-0,036850978;0,102590965;-0,099808246
2544392704;-0,407345683;-0,007275948;0,083525367;-0,106731029
2545682944;-0,436358204;0,047240608;0,07263495;-0,115447863
2546973440;-0,421119683;0,095802193;0,057415707;-0,124113762
2548264704;-0,433229352;0,164470274;0,040043121;-0,131161055
2549556480;-0,434346565;0,210599673;0,030161756;-0,138529826
2550849024;-0,387751968;0,205418778;0,021207327;-0,136489192
2552142080;-0,393521748;0,280502767;0,004759672;-0,142964407
2553436160;-0,383476983;0,359336423;-0,009112193;-0,150710981
2554730496;-0,370687215;0,384655856;-0,022109082;-0,146814938
2556025856;-0,373092267;0,428425566;-0,034567458;-0,151581401
2557321472;-0,347956243;0,482028571;-0,048572746;-0,151147881
2558617856;-0,288896301;0,500630263;-0,058528942;-0,146661277
2559915008;-0,272762462;0,526029426;-0,067320819;-0,147460924
2561212672;-0,249781023;0,577443358;-0,072840701;-0,144773089
2562511104;-0,2351848;0,624363281;-0,07720395;-0,132435953
2563810304;-0,183973063;0,640789075;-0,08431196;-0,128768986
2565110016;-0,178239182;0,726177445;-0,096273247;-0,129068916
2566410496;-0,115027511;0,731487058;-0,101665671;-0,119678547
2567711488;-0,075329886;0,762404092;-0,105499591;-0,11329557
2569013248;0,001407263;0,732886375;-0,111108082;-0,100078997
2570315520;0,060143966;0,710848678;-0,118181944;-0,087775492
2571618816;0,12858149;0,687603469;-0,123666152;-0,07368187
2572922368;0,187498073;0,683206325;-0,123848731;-0,069527298
2574226944;0,231204278;0,660910057;-0,125330958;-0,058900729
2575531776;0,240665575;0,621034484;-0,119620359;-0,045007421
2576837632;0,305024837;0,565883389;-0,121109675;-0,033163342
2578143744;0,353968032;0,518100597;-0,122519583;-0,023189206
2579450880;0,376322626;0,486086193;-0,123506654;-0,007189887
2580758528;0,443210843;0,424816873;-0,128320342;0,003059978
2582066688;0,476456454;0,350329289;-0,126518653;0,015418813
2583375872;0,480982294;0,294359642;-0,126505394;0,020235447
2584685568;0,500682518;0,223880567;-0,123659509;0,034439313
2585996032;0,534246183;0,17929543;-0,122057278;0,038959023
2587307008;0,536607975;0,121775593;-0,119641868;0,049926347
2588618496;0,543159312;0,0590781;-0,117530166;0,060671656
2589930752;0,556664926;0,017307963;-0,116086591;0,07039046
2591244032;0,570948085;-0,04566494;-0,110040392;0,070966144
2592557312;0,551393544;-0,071805696;-0,096551708;0,068937161
2593871872;0,549564076;-0,133935879;-0,093888877;0,078886225
2595186688;0,556471013;-0,193456296;-0,088674412;0,082478367
2596502528;0,544951348;-0,216272644;-0,078683689;0,085840304
2597818880;0,519122472;-0,240864282;-0,069006578;0,08185719
2599136000;0,48383015;-0,284918692;-0,062716981;0,088342271
2600453376;0,473166379;-0,333122271;-0,05257749;0,086991485
2601771776;0,461906032;-0,381305071;-0,046189623;0,089262253
2603090688;0,460679642;-0,427809708;-0,041497169;0,092654232
2604410368;0,446898424;-0,462916998;-0,03806983;0,095876511
2605730816;0,437674469;-0,485606964;-0,026093292;0,095087532
2607051776;0,423947264;-0,498252252;-0,01636069;0,09734984
2608373504;0,390969233;-0,504534459;-0,002340213;0,099849747
2609695744;0,389495133;-0,513812893;0,003161429;0,092050306
2611019008;0,369847002;-0,525706654;0,009855758;0,087873081
2612342528;0,315389466;-0,546272075;0,018789698;0,085512769
2613666816;0,291309727;-0,554063963;0,024381131;0,084850298
2614991872;0,259043825;-0,562640777;0,02973716;0,081610073
2616317440;0,227237933;-0,573790348;0,036072754;0,080561191
2617643776;0,225554245;-0,568190113;0,048650942;0,075387987
2618970880;0,207495073;-0,562775348;0,057488196;0,071841996
2620298752;0,1938884;-0,555136283;0,062545503;0,069334536
2621627136;0,135124588;-0,550411712;0,071881754;0,061286478
2622956032;0,061359161;-0,546043983;0,074247753;0,058362164
2624285952;-0,012424106;-0,536838287;0,083505566;0,055564193
2625616384;-0,093442856;-0,542941189;0,092758589;0,050947724
2626947328;-0,152989159;-0,561304993;0,106121663;0,048553724
2628279040;-0,162984865;-0,553106242;0,098526646;0,043731167
2629611520;-0,182976007;-0,55230449;0,098773513;0,037357025
2630944768;-0,206108346;-0,547998172;0,099719928;0,028876538
2632278528;-0,244365819;-0,56016041;0,09779912;0,023420462
2633612800;-0,291822674;-0,570208273;0,095768226;0,018473015
2634948096;-0,30960382;-0,57451642;0,096092338;0,008145818
2636283904;-0,320103923;-0,586432532;0,094850045;-0,003250261
2637620224;-0,330606216;-0,593032601;0,094058008;-0,008914703
2638957568;-0,350159346;-0,589391469;0,086410144;-0,017157744
2640295168;-0,359442656;-0,576807465;0,086337691;-0,021503749
2641633792;-0,383932935;-0,57726334;0,088301726;-0,023679347
2642972928;-0,423478374;-0,589395583;0,083590678;-0,027148406
2644312832;-0,437074861;-0,558592829;0,076174364;-0,03586327
2645653504;-0,455846679;-0,5374695;0,07159658;-0,044868412
2646994944;-0,467294113;-0,532700355;0,066381447;-0,051838353
2648336640;-0,460723943;-0,514743086;0,062644238;-0,05745566
2649679104;-0,476719455;-0,507868443;0,060150763;-0,056630339
2651022336;-0,468115673;-0,492347762;0,061100669;-0,063006621
2652366592;-0,458347177;-0,495083507;0,051543147;-0,068597613
2653711104;-0,478487681;-0,430247267;0,047500858;-0,073910834
2655056384;-0,487414488;-0,386780811;0,035965146;-0,072993242
2656402432;-0,504176508;-0,326403582;0,03221257;-0,074033988
2657749248;-0,525931969;-0,260993938;0,0246459;-0,077288432
2659096576;-0,568027482;-0,17522749;0,018981463;-0,076246003
2660444416;-0,599651762;-0,136191913;0,016928662;-0,070807278
2661793280;-0,598290292;-0,086607463;0,011887066;-0,073155772
2663142656;-0,623952254;-0,042574917;0,004367152;-0,07427157
2664492800;-0,678859188;0,056120354;-2,16E-05;-0,071556291
2665843712;-0,669805913;0,08024899;-0,00855508;-0,072644488
2667195136;-0,718681314;0,119539203;-0,008586489;-0,068996505
2668547328;-0,699773657;0,167714373;-0,00829457;-0,074417242
2669900288;-0,700763685;0,236969079;-0,016962814;-0,073427075
2671253760;-0,642092751;0,293825359;-0,016854826;-0,084510414
2672608000;-0,627151519;0,282398119;-0,021179112;-0,076192382
2673962752;-0,574176958;0,297150499;-0,017868966;-0,075612828
2675318272;-0,545105104;0,28623629;-0,025187851;-0,065154229
2676674560;-0,471030913;0,265189912;-0,025839215;-0,055825622
2678031616;-0,417768823;0,354604937;-0,02819185;-0,060926839
2679389184;-0,328159756;0,376609007;-0,029919516;-0,058519925
2680747776;-0,252009621;0,394380163;-0,028731782;-0,059991053
2682106624;-0,205661597;0,43270895;-0,031697151;-0,053080921
2683466496;-0,116586684;0,440040619;-0,030608838;-0,054721237
2684826880;-0,02289461;0,414827914;-0,033197418;-0,053257424
2686188032;0,046474083;0,451643865;-0,041065084;-0,042987139
2687549696;0,116433784;0,411145558;-0,042823898;-0,035343821
2688912128;0,187575713;0,395253864;-0,047738097;-0,030886877
2690275328;0,233299975;0,368618173;-0,046104536;-0,024445621
2691639296;0,294454934;0,408405835;-0,054068184;-0,029649452
2693003776;0,329661456;0,340119177;-0,04879451;-0,022432213
2694369024;0,417961947;0,34575233;-0,050577291;-0,021757508
2695735040;0,391522728;0,240055765;-0,058212967;-0,012236623
2697101568;0,459782784;0,249516195;-0,055438622;-0,012204785
2698468864;0,485467707;0,191370034;-0,056701553;-0,014990143
2699836928;0,512448584;0,14173917;-0,05546436;-0,021117798
2701205504;0,594801009;0,197317261;-0,064222261;-0,00456996
2702574848;0,579354882;0,183354968;-0,075007189;-0,006618482
2703945216;0,572820022;0,142236851;-0,071898135;-0,005699353
2705315840;0,543444511;0,096314733;-0,069695706;-0,002455181
2706687488;0,570871271;0,035976628;-0,069629556;0,007009419
2708059648;0,554511109;0,005637664;-0,06695349;0,009130586
2709432320;0,573189433;-0,026730742;-0,065300954;0,009570917
2710806016;0,553456362;-0,051435179;-0,062245607;0,013233896
2712180480;0,527511681;-0,091348035;-0,070235042;0,022389856
2713555456;0,489704131;-0,113966049;-0,068089554;0,023163834
2714930944;0,46560108;-0,158569673;-0,066938844;0,029459883
2716307200;0,446236501;-0,199861605;-0,059733641;0,027689582
2717684224;0,426543342;-0,230497263;-0,059093745;0,034507375
2719062016;0,390701426;-0,266607532;-0,061435884;0,043930567
2720440576;0,377699511;-0,281663444;-0,059595905;0,048405712
2721819648;0,350984636;-0,291001638;-0,058354371;0,054014278
2723199488;0,314400233;-0,320272542;-0,061108381;0,054752537
2724580096;0,257451082;-0,357385958;-0,061534959;0,05814879
2725961472;0,202508262;-0,389431442;-0,057105989;0,063547895
2727343360;0,170969052;-0,410668202;-0,05027872;0,068413157
2728726016;0,163298464;-0,430390838;-0,045463546;0,074586178
2730109184;0,133273414;-0,435560089;-0,041800333;0,079961357
2731493376;0,119368953;-0,454047179;-0,033627537;0,08259697
2732878336;0,094816422;-0,459873279;-0,029487788;0,086920267
2734263552;0,073617973;-0,469690182;-0,018563348;0,086954795
2735649792;0,067011658;-0,460965471;-0,004325952;0,09052069
2737036800;0,040505528;-0,469913873;0,002939625;0,092805527
2738424064;0,018850708;-0,462434696;0,021695459;0,094240296
2739812352;-0,001754805;-0,455152515;0,027779903;0,096094669
2741201408;-0,02800592;-0,461324237;0,035671087;0,100828433
2742591232;-0,03817828;-0,462195893;0,040106128;0,09771454
2743981312;-0,067879142;-0,460511254;0,049958839;0,093518484
2745372416;-0,107600505;-0,454541678;0,055353844;0,087489148
2746764544;-0,133388153;-0,442810497;0,069884889;0,083472397
2748156672;-0,168140817;-0,438747027;0,081255112;0,078250391
2749550080;-0,176830966;-0,439172077;0,084612161;0,072126845
2750944000;-0,184938373;-0,430202713;0,088614805;0,066624992
2752338688;-0,204865517;-0,406988922;0,093286882;0,056386164
2753733888;-0,227813331;-0,402109413;0,093099269;0,0460398
2755130112;-0,248192666;-0,380476288;0,096400622;0,045446671
2756526592;-0,279807891;-0,363779811;0,099664738;0,034516783
2757924096;-0,305398962;-0,335870841;0,098398536;0,027223416
2759322368;-0,316618455;-0,308757079;0,097662419;0,017770464
2760721152;-0,332778963;-0,285069223;0,097318054;0,012306638
2762120704;-0,342840845;-0,254260668;0,095685037;0,001828346
2763521024;-0,363606465;-0,24569513;0,094626557;-0,000831717
2764921856;-0,382755125;-0,20446762;0,091089888;-0,007301354
2766323712;-0,397608333;-0,195094555;0,083080392;-0,014597116
2767726080;-0,435665618;-0,172337563;0,080699618;-0,025112892
2769129216;-0,448502327;-0,158227004;0,07408322;-0,034598315
2770533120;-0,485770783;-0,153263502;0,074714787;-0,036181101
2771937536;-0,477596494;-0,103952217;0,072710802;-0,042774952
2773342720;-0,482384746;-0,093036808;0,068627374;-0,050547555
2774748928;-0,47115126;-0,072680709;0,064413662;-0,056906961
2776155392;-0,460500091;-0,037735524;0,059299235;-0,062908168
2777563136;-0,488234506;0,01649099;0,056066611;-0,064644009
2778970880;-0,487970038;0,039575603;0,051000993;-0,062210685
2780379904;-0,49223503;0,073143542;0,045273943;-0,070101668
2781789440;-0,51191477;0,070783116;0,043900494;-0,069375214
2783199744;-0,504414087;0,109012127;0,037805415;-0,075458513
2784610816;-0,506601159;0,13720338;0,033402201;-0,080754479
2786022400;-0,500327659;0,152147087;0,032192033;-0,080090171
2787434752;-0,486912917;0,211651157;0,028781538;-0,084476811
2788847872;-0,490996078;0,238423427;0,024811202;-0,086691604
2790261760;-0,479226186;0,247925525;0,021018509;-0,086943749
2791676160;-0,464240546;0,306611375;0,016100573;-0,086372508
2793091584;-0,454724767;0,325156519;0,013367635;-0,08775169
2794507520;-0,434674669;0,30294296;0,007772897;-0,093086374
2795924224;-0,400160205;0,356486428;0,004835277;-0,092022685
2797341696;-0,385159363;0,356911105;-0,000948872;-0,088261863
2798759680;-0,331629108;0,345511554;-0,004802956;-0,090788844
2800178432;-0,302803026;0,336721493;-0,011139156;-0,087023089
2801598208;-0,260885315;0,320805532;-0,01620689;-0,088496304
2803018496;-0,212419097;0,366071825;-0,023441817;-0,087571591
2804439552;-0,176128544;0,362533707;-0,031322768;-0,084841291
2805861120;-0,144355129;0,38141911;-0,034903022;-0,084819429
2807283712;-0,114220763;0,371444529;-0,043299574;-0,081128353
2808707072;-0,100355409;0,382798562;-0,052107596;-0,074690527
2810130944;-0,051859882;0,410716354;-0,05856467;-0,073727766
2811555328;-0,013756357;0,371698061;-0,066013027;-0,070877276
2812980992;0,026803197;0,385010602;-0,074491811;-0,069083487
2814406912;0,049500352;0,382735498;-0,083029154;-0,059462225
2815833600;0,086332443;0,339122614;-0,09314446;-0,054995497
2817261312;0,105449734;0,312968988;-0,099530927;-0,047907895
2818689280;0,156301583;0,229397581;-0,108604567;-0,046519268
2820118528;0,187380761;0,267286317;-0,116968765;-0,037337292
2821548032;0,20450176;0,220663577;-0,125327014;-0,028558659
2822978560;0,219645839;0,181562502;-0,126170482;-0,024100467
2824409600;0,252544345;0,19046793;-0,131429906;-0,014553612
2825841408;0,28758372;0,130044312;-0,138318815;-0,007848347
2827273984;0,302213449;0,074049113;-0,141144232;0,001806633
2828707584;0,330543819;0,017949005;-0,143931084;0,012545842
2830141184;0,345381869;-0,034861995;-0,145413989;0,024049964
2831576064;0,347938722;-0,009348609;-0,146148556;0,037320197
2833011712;0,360849376;-0,047265121;-0,138339117;0,050424687
2834447872;0,349026648;-0,083471895;-0,132246994;0,062997115
2835884800;0,340191317;-0,090751439;-0,12366482;0,077139988
2837322496;0,338787327;-0,135503777;-0,112112729;0,089673645
2838760960;0,325306341;-0,168599005;-0,099761875;0,103765114
2840200192;0,309257174;-0,171861088;-0,086658827;0,114818154
2841639936;0,298711163;-0,211956727;-0,066279222;0,121884305
2843080448;0,29249213;-0,251146023;-0,052533593;0,128019012
2844521728;0,269969797;-0,275438671;-0,034758669;0,134696746
2845964032;0,244160997;-0,301387055;-0,016056819;0,139187162
2847406592;0,206152055;-0,300064571;0,000274193;0,14096576
2848850176;0,200592348;-0,337218151;0,019134284;0,141900917
2850294272;0,182198012;-0,357571331;0,029329807;0,13732213
2851739392;0,151637893;-0,383234886;0,040268992;0,132962736
2853185280;0,142815741;-0,403491759;0,051093932;0,126443555
2854631680;0,112783565;-0,419987949;0,063589087;0,124105076
2856078848;0,078102342;-0,420218836;0,070199281;0,116321159
2857526784;0,039796249;-0,426373628;0,07864633;0,1074791
2858975488;0,001681071;-0,43651668;0,084809461;0,098946931
2860424704;-0,023123296;-0,445221283;0,087268792;0,089572367
2861874944;-0,063329095;-0,444901541;0,089638555;0,080938497
2863325952;-0,092761803;-0,461635392;0,091913514;0,072550902
2864777216;-0,108960849;-0,49143117;0,091824823;0,061052039
2866229760;-0,129985745;-0,524686345;0,089704912;0,053855188
2867682816;-0,158206216;-0,531640856;0,090148504;0,045274059
2869136640;-0,185931637;-0,519745253;0,088937907;0,035355532
2870591232;-0,218294931;-0,515866896;0,088102348;0,02848826
2872046336;-0,234097745;-0,516590055;0,08596606;0,021810934
2873502464;-0,268364879;-0,512865523;0,086307165;0,015502397
2874959104;-0,295808648;-0,521525913;0,086140171;0,008917961
2876416768;-0,330774115;-0,511573329;0,085312888;0,00420954
2877874944;-0,353228506;-0,498255411;0,081398573;-0,003004984
2879333632;-0,406800521;-0,489428199;0,081186816;-0,007964864
2880793600;-0,413916031;-0,481704485;0,080618316;-0,015849928
2882253824;-0,428562973;-0,472917502;0,077593078;-0,017264765
2883715072;-0,46360229;-0,467775518;0,0790843;-0,022313779
2885177088;-0,470420726;-0,463616795;0,07699865;-0,02719374
2886639616;-0,474975573;-0,446509397;0,076605267;-0,033130377
2888103168;-0,516704221;-0,434545567;0,074460318;-0,034240328
2889567488;-0,520677802;-0,401126936;0,073299282;-0,039088619
2891032320;-0,524390198;-0,362433251;0,07234884;-0,043509327
2892497664;-0,56471289;-0,332330142;0,069739832;-0,0472109
2893964288;-0,602208399;-0,313318976;0,068712919;-0,051893836
2895431168;-0,614043363;-0,27984809;0,068305387;-0,057440633
2896899328;-0,622454429;-0,226993755;0,066839796;-0,060228707
2898368000;-0,622344653;-0,176085674;0,066184451;-0,065349243
2899837184;-0,628123266;-0,146295417;0,064104906;-0,070883816
2901307392;-0,627630206;-0,096874797;0,061744349;-0,074131338
2902778112;-0,636870684;-0,054023333;0,057249732;-0,075992507
2904249600;-0,646721421;-0,026961074;0,054461667;-0,08414681
2905722112;-0,641300002;0,02068282;0,050341604;-0,088433137
2907195136;-0,647806155;0,074284978;0,043861724;-0,090696402
2908668928;-0,627700144;0,129487706;0,034857778;-0,093402209
2910143488;-0,592262456;0,166969261;0,030337313;-0,097126961
2911619072;-0,571372362;0,224708233;0,019979624;-0,103486184
2913094912;-0,525724085;0,283819442;0,009686373;-0,107453764
2914571776;-0,503973989;0,32618331;-0,000683802;-0,111131272
2916049152;-0,453962586;0,367571819;-0,014859517;-0,116237446
2917527552;-0,421444682;0,40958082;-0,026394905;-0,118455997
2919006720;-0,359693256;0,454950007;-0,040059511;-0,120940995
2920486400;-0,316979382;0,478235726;-0,05311327;-0,123169167
2921967104;-0,247876129;0,528460959;-0,07170096;-0,123053993
2923448320;-0,167544289;0,574472669;-0,089794191;-0,121619898
2924930560;-0,057414445;0,621295139;-0,106052497;-0,119106506
2926413312;-0,103770046;0,495577417;-0,099186138;-0,116438821
2927897088;-0,015650337;0,505495957;-0,117878039;-0,104332862
2929381376;0,053992839;0,489707857;-0,133827799;-0,094337853
2930866176;0,119954821;0,466460464;-0,149106418;-0,081577492
2932352000;0,177779719;0,441106319;-0,162910602;-0,068941493
2933838592;0,233823508;0,399980572;-0,172058023;-0,051937844
2935326208;0,297093313;0,376310467;-0,182877529;-0,031988156
2936814080;0,339592171;0,334711443;-0,186438734;-0,013210789
2938302976;0,36836007;0,29137986;-0,189051912;0,005670361
2939792640;0,416901714;0,242380294;-0,189840716;0,025311
2941283072;0,450871855;0,199838642;-0,191263314;0,046269808
2942774016;0,476844574;0,156021944;-0,184870284;0,060859522
2944265728;0,479525347;0,104726852;-0,174011776;0,075323313
2945758464;0,479327331;0,05872675;-0,163407822;0,088751516
2947251968;0,482416765;0,009034657;-0,147903996;0,099654062
2948745984;0,479024012;-0,038510616;-0,132537011;0,108590011
2950241024;0,465958891;-0,086277913;-0,115134932;0,116958046
2951736576;0,445486389;-0,130937463;-0,099641407;0,123393845
2953232896;0,426586286;-0,177784752;-0,081424919;0,126343287
2954730240;0,401111583;-0,224524558;-0,06324715;0,129184059
2956228352;0,376114994;-0,266671889;-0,04509676;0,132605688
2957726720;0,343470275;-0,307002046;-0,028536193;0,132644218
2959226368;0,308318917;-0,337587827;-0,012534214;0,135519243
2960726528;0,284696841;-0,375690266;0,000573035;0,132924841
2962227456;0,257937718;-0,414697045;0,015643554;0,131579004
2963729152;0,221316076;-0,452272385;0,028629102;0,129139453
2965231616;0,18379444;-0,484565505;0,041818068;0,12339594
2966734848;0,156960295;-0,511029012;0,051483634;0,120436864
2968238848;0,123990139;-0,53748174;0,057254225;0,113678693
2969743616;0,102926269;-0,554202557;0,064761407;0,106597392
2971249408;0,072419216;-0,565692322;0,071777803;0,10158789
2972755712;0,053245546;-0,581430274;0,077958168;0,094080336
2974262784;0,024317026;-0,592123221;0,082873443;0,087280521
2975770368;-0,001318511;-0,596148094;0,089554613;0,080965948
2977278976;-0,030544974;-0,602056111;0,093324574;0,075366409
2978788352;-0,058436;-0,606287095;0,098942037;0,070196405
2980298496;-0,082383289;-0,613637383;0,10186404;0,062885185
2981809408;-0,105180607;-0,622028842;0,10018752;0,055375846
2983321088;-0,126679247;-0,620706867;0,101450639;0,050517297
2984833536;-0,158108804;-0,625770451;0,102185721;0,046037341
2986346752;-0,181516649;-0,624724988;0,105732565;0,039252093
2987860736;-0,206571223;-0,611518827;0,103947005;0,030903867
2989375232;-0,226050839;-0,596255795;0,106223435;0,027152662
2990891008;-0,247537901;-0,58789179;0,106487711;0,017050147
2992407040;-0,261930022;-0,574835882;0,105939151;0,007538406
2993924096;-0,278094875;-0,565352077;0,106088853;0,001323931
2995441920;-0,305769176;-0,556842201;0,106659314;-0,007830075
2996960512;-0,325346436;-0,549905699;0,106572026;-0,01478105
2998479872;-0,349884611;-0,527972876;0,105438586;-0,026344041
3,00E+09;-0,371740381;-0,504930862;0,10484948;-0,033854024
